URL,Title,Folder
https://www.youtube.com/watch?v=iScbNKSp93c,Social Media Product Design || Photoshop  || @asedacreative,Social Media
https://www.youtube.com/watch?v=5qU_B1G_mHs,Creative Ring Manipulation in Photoshop || #ProductManipulation #PhotoshopTutorial,Social Media
https://www.youtube.com/watch?v=JKM8S0FtgWU,Making Paper folds Craft in Photoshop || #ProductManipulation #PhotoshopTutorial,Social Media
https://www.youtube.com/watch?v=8ZxMVt0N3ZI,How to design Creative Product Manipulation in Photoshop || #ProductManipulation #PhotoshopTutorial,Social Media
https://www.youtube.com/watch?v=viLaLurxlfg,Jewlery Ring Product Manipulation Photoshop #photoshoptutorial #manipulation #trendingphotoediting,Social Media
https://www.youtube.com/watch?v=er6dnKdGG-M,Quick Tips - Easy Rim Light in Photoshop,Photoshop
https://www.youtube.com/watch?v=t_0Jf9OVMEE,Making GLOW EFFECT for Dr Strange in Photoshop,Photoshop
https://www.youtube.com/watch?v=ORUoAVxXxsY,How To Add REALISTIC Highlights in Photoshop!,Photoshop
https://www.youtube.com/watch?v=lxLs0Q-XO4o,How to Create Glow Effect for Thumbnails | Easiest Way in Photoshop,Thumbnail Design
https://www.youtube.com/watch?v=2p6ohDxFERc,Easy way to draw Highlights! in photoshop,Photoshop
https://www.youtube.com/watch?v=xLNSH0zWQHc,Make Your Sketches GLOW Using Photoshop!,Photoshop
https://www.youtube.com/watch?v=c-t0ADvsYAI,Youtube Premium Thumbnail Design In Photoshop,Thumbnail Design
https://www.youtube.com/watch?v=LYN2IE9Mdhc,YouTube Thumbnail Design | How to Make a Thumbnail for YouTube Videos | Drama Thumbnail Design,Thumbnail Design
https://www.youtube.com/watch?v=EHcSl1JoffQ,How to Make a Thumbnail for YouTube Videos with Glow Effect | Freepik File Ready Bangla tutorial,Thumbnail Design
https://www.youtube.com/watch?v=h8-qemIbXbo,How to make a thumbnail for youtube videos | Photoshop Tutorial | Youtube Thumbnail Design tutorial,Thumbnail Design
https://www.youtube.com/watch?v=NhQz8sP7W6w,Duel Lighting in photoshop,Photoshop
https://www.youtube.com/watch?v=VmvIPeqvuQ8,How to Create a Thumbnail with Glow Effect,Design by Photoshop
https://www.youtube.com/watch?v=yh_A09CrT68&list=LL&index=248&pp=gAQBiAQB,How To Draw Animals,Illustrator
https://www.youtube.com/watch?v=m8PpbgU-BQQ&list=LL&index=513&pp=gAQBiAQB,Create Beams Of Light From Nothing In Photoshop,Photoshop
https://www.youtube.com/watch?v=1kNRM4VbeKk&list=LL&index=577&pp=gAQBiAQB,Cloud Illustration in Adobe Illustrator,Illustrator
https://www.youtube.com/watch?v=gOJOctQglwo&list=LL&index=3&t=70s&pp=gAQBiAQB,Create Stunning Modern Design in Photoshop,Design by Photoshop
https://www.youtube.com/watch?v=DgOOVkTMepg&list=LL&index=576&pp=gAQBiAQB,Triangle design halftone pattern tutorial,Illustrator
https://www.youtube.com/watch?v=brRCkHl4DAo&list=LL&index=450&pp=gAQBiAQB,Glowing neon rays in Adobe Illustrator. Speed art,Illustrator
https://www.youtube.com/watch?v=MopAPtdn1BA&list=LL&index=403&pp=gAQBiAQB,Golden Ribbon Background / Luxury Background / Stock Vectors / Adobe Illustrator Tutorial,Illustrator
https://www.youtube.com/watch?v=gITrH25UJPs&list=LL&index=398&pp=gAQBiAQB,How to Create A 10 Web Shadows in Adobe Illustrator cc  for Beginners,Illustrator
https://www.youtube.com/watch?v=VrkFqscjWj8&list=LL&index=350&pp=gAQBiAQB,How to Design Golden Ribbon in Adobe Illustrator Tutorial,Illustrator
https://www.youtube.com/watch?v=jp6c9SjuFvk&list=LL&index=333&pp=gAQBiAQB,2 Ways to Select Transparent Objects in Photoshop,Photoshop
https://www.youtube.com/watch?v=if98zigAbJk&list=LL&index=326&pp=gAQBiAQB,3d Objects from 2d Images Video,Photoshop
https://www.youtube.com/watch?v=fDd_sM6TJi4&list=LL&index=325&pp=gAQBiAQB,How To Create 3D Objects From Photos in Photoshop,Photoshop
https://www.youtube.com/watch?v=xOub1PXw4-4&list=LL&index=317&pp=gAQBiAQB,How To Design 3D  Rendered Stage in Photoshop with 2D Tools | Smart Trick,Photoshop
https://www.youtube.com/watch?v=lfJX1nkJ7Ts&list=LL&index=313&pp=gAQBiAQB,Photoshop Tutorial - Gadget Ads Design in Photoshop Free Psd,Design by Photoshop
https://www.youtube.com/watch?v=q5H-iTlaj44&list=LL&index=225&pp=gAQBiAQB,Creative Brand Design | For Cosmetics Company | Adobe Photoshop tutorial,Photoshop
https://www.youtube.com/watch?v=4GbRwuw-2C8&list=LL&index=223&t=132s&pp=gAQBiAQB,Photoshop Layer Breakdown Video | How to Create a Video From Layers in Photoshop,Photoshop
https://www.youtube.com/watch?v=cej23rx2FiY&list=LL&index=206&pp=gAQBiAQB,EASY Way to Add Smoke Effect - Photo Manipulation Photoshop,Design by Photoshop
https://www.youtube.com/watch?v=-k3HrQ7BfCI&list=LL&index=205&pp=gAQBiAQB,How to Create SMOKE Photoshop CC,Photoshop
https://www.youtube.com/watch?v=ePA-Ulrdr74&list=LL&index=572&pp=gAQBiAQB,3D Isometric Cube Design in Adobe Illustrator CC,Illustrator
https://www.youtube.com/watch?v=3jSWWLIDZzM&list=LL&index=512&pp=gAQBiAQB,Create Cinematic Light Rays in Adobe Photoshop!,Photoshop
https://www.youtube.com/watch?v=iSJ_En7T_5c&list=LL&index=490&pp=gAQBiAQB,Create Tiny planet effect on photoshop,Photoshop
https://www.youtube.com/watch?v=Al5J2oqpa94&list=LL&index=477&pp=gAQBiAQB,Brochure Mockup for Freepik,Mockup
https://www.youtube.com/watch?v=_6HiSBMjfdE&list=LL&index=468&pp=gAQBiAQB,Create Halftone Pattern with Dynamic Symbol,Illustrator
https://www.youtube.com/watch?v=-OI3hMcji3o&list=LL&index=463&pp=gAQBiAQB,Illustrator - Halftones with spaced out circles,Illustrator